company_code,company_year,trading_date,event_date,relative_day,stock_return,index_return,date_only,predicted_return,abnormal_return,cumulative_abnormal_return
2,2023,2023-04-12,2023/4/16 0:00,-3,0.000623,-0.000698,2023-04-12,-0.0026358411404644793,0.003258841140464479,0.003258841140464479
2,2023,2023-04-13,2023/4/16 0:00,-2,-0.012461,-0.006909,2023-04-13,-0.010430729671765667,-0.0020302703282343328,0.0012285708122301464
2,2023,2023-04-14,2023/4/16 0:00,-1,-0.002524,0.005657,2023-04-14,0.005339769327482556,-0.007863769327482556,-0.00663519851525241
2,2023,2023-04-17,2023/4/16 0:00,0,0.00759,0.014024,2023-04-17,0.015840466854675765,-0.008250466854675766,-0.014885665369928176
2,2023,2023-04-18,2023/4/16 0:00,1,-0.001883,0.003048,2023-04-18,0.002065439239225465,-0.003948439239225465,-0.01883410460915364
2,2023,2023-04-19,2023/4/16 0:00,2,-0.026415,-0.009004,2023-04-19,-0.013059982847272989,-0.013355017152727012,-0.03218912176188066
2,2023,2023-04-20,2023/4/16 0:00,3,-0.00323,-0.002798,2023-04-20,-0.0052713693832164505,0.0020413693832164507,-0.030147752378664208
2,2023,2023-04-21,2023/4/16 0:00,4,-0.008425,-0.01956,2023-04-21,-0.0263079048141729,0.0178829048141729,-0.012264847564491307
2,2023,2023-04-24,2023/4/16 0:00,5,-0.026144,-0.01238,2023-04-24,-0.017296908250859014,-0.008847091749140987,-0.021111939313632293
1,2021,2021-12-20,2021/12/23 0:00,-3,-0.002846,-0.015004,2021-12-20,-0.0245766450426278,0.0217306450426278,0.0217306450426278
1,2021,2021-12-21,2021/12/23 0:00,-2,0.003995,0.006775,2021-12-21,0.008650575949940731,-0.004655575949940731,0.01707506909268707
1,2021,2021-12-22,2021/12/23 0:00,-1,-0.01137,0.000197,2021-12-22,-0.0013851768251690445,-0.009984823174830956,0.007090245917856116
1,2021,2021-12-23,2021/12/23 0:00,0,-0.004025,0.006976,2021-12-23,0.00895723242725862,-0.01298223242725862,-0.005891986509402505
1,2021,2021-12-24,2021/12/23 0:00,1,-0.000577,-0.005536,2021-12-24,-0.010131751872250886,0.009554751872250886,0.0036627653628483817
1,2021,2021-12-27,2021/12/23 0:00,2,-0.005199,-0.000411,2021-12-27,-0.0023127745277027544,-0.0028862254722972452,0.0007765398905511364
1,2021,2021-12-28,2021/12/23 0:00,3,-0.002904,0.007448,2021-12-28,0.009677341170015051,-0.012581341170015052,-0.011804801279463916
1,2021,2021-12-29,2021/12/23 0:00,4,-0.024461,-0.014626,2021-12-29,-0.023999947786776252,-0.0004610522132237477,-0.012265853492687663
1,2021,2021-12-30,2021/12/23 0:00,5,0.004179,0.007788,2021-12-30,0.010196063569458244,-0.006017063569458244,-0.01828291706214591
1,2019,2019-12-18,2019/12/22 0:00,-3,-0.002424,-0.002231,2019-12-18,-0.0017846040892922678,-0.0006393959107077322,-0.0006393959107077322
1,2019,2019-12-19,2019/12/22 0:00,-2,0.005468,-0.001397,2019-12-19,-0.0007372421418318207,0.00620524214183182,0.005565846231124088
1,2019,2019-12-20,2019/12/22 0:00,-1,0.002417,-0.002457,2019-12-20,-0.0020684215954386237,0.004485421595438624,0.010051267826562712
1,2019,2019-12-23,2019/12/22 0:00,0,-0.021097,-0.012485,2019-12-23,-0.014661881558428269,-0.006435118441571732,0.003616149384990979
1,2019,2019-12-24,2019/12/22 0:00,1,0.009852,0.006519,2019-12-24,0.00920390555132993,0.00064809444867007,0.004264243833661049
1,2019,2019-12-25,2019/12/22 0:00,2,-0.006098,-0.000524,2019-12-25,0.0003590971628839709,-0.006457097162883971,-0.002192853329222922
1,2019,2019-12-26,2019/12/22 0:00,3,0.010429,0.0088,2019-12-26,0.012068453035930985,-0.0016394530359309847,-0.003832306365153907
1,2019,2019-12-27,2019/12/22 0:00,4,0.009715,-0.000984,2019-12-27,-0.00021858448679445324,0.009933584486794452,0.006101278121640546
1,2019,2019-12-30,2019/12/22 0:00,5,-0.003608,0.01482,2019-12-30,0.019628547668679053,-0.023236547668679053,-0.017135269547038506
1,2019,2019-12-23,2019/12/26 0:00,-3,-0.021097,-0.012485,2019-12-23,-0.014051142878164453,-0.007045857121835548,-0.007045857121835548
1,2019,2019-12-24,2019/12/26 0:00,-2,0.009852,0.006519,2019-12-24,0.008920492069763024,0.0009315079302369758,-0.006114349191598572
1,2019,2019-12-25,2019/12/26 0:00,-1,-0.006098,-0.000524,2019-12-25,0.0004070620056579286,-0.006505062005657929,-0.0126194111972565
1,2019,2019-12-26,2019/12/26 0:00,0,0.010429,0.0088,2019-12-26,0.011677716828562362,-0.0012487168285623615,-0.013868128025818861
1,2019,2019-12-27,2019/12/26 0:00,1,0.009715,-0.000984,2019-12-27,-0.00014897630606837322,0.009863976306068372,-0.004004151719750489
1,2019,2019-12-30,2019/12/26 0:00,2,-0.003608,0.01482,2019-12-30,0.0189545660385457,-0.0225625660385457,-0.02656671775829619
1,2019,2019-12-31,2019/12/26 0:00,3,-0.007242,0.003663,2019-12-31,0.005468219421305811,-0.012710219421305811,-0.039276937179602
1,2019,2020-01-02,2019/12/26 0:00,4,0.025532,0.013587,2020-01-02,0.017464141607331504,0.008067858392668496,-0.031209078786933502
1,2019,2020-01-03,2019/12/26 0:00,5,0.018376,-0.001752,2020-01-03,-0.0010773185308635904,0.01945331853086359,-0.011755760256069912
1,2023,2023-11-01,2023/11/5 0:00,-3,0.001912,-0.000414,2023-11-01,-0.00032750961962616106,0.002239509619626161,0.002239509619626161
1,2023,2023-11-02,2023/11/5 0:00,-2,0.0,-0.004715,2023-11-02,-0.005103529463719817,0.005103529463719817,0.007343039083345978
1,2023,2023-11-03,2023/11/5 0:00,-1,0.0,0.008426,2023-11-03,0.009488815751633526,-0.009488815751633526,-0.002145776668287548
1,2023,2023-11-06,2023/11/5 0:00,0,0.020038,0.013524,2023-11-06,0.015149859500805685,0.004888140499194315,0.0027423638309067673
1,2023,2023-11-07,2023/11/5 0:00,1,-0.008419,-0.003537,2023-11-07,-0.003795426376916207,-0.004623573623083792,-0.0018812097921770245
1,2023,2023-11-08,2023/11/5 0:00,2,-0.009434,-0.0024,2023-11-08,-0.002532851496020023,-0.006901148503979977,-0.008782358296157002
1,2023,2023-11-09,2023/11/5 0:00,3,-0.000952,0.000486,2023-11-09,0.0006718900222441691,-0.0016238900222441692,-0.010406248318401172
1,2023,2023-11-10,2023/11/5 0:00,4,-0.018112,-0.00729,2023-11-10,-0.007962922883515482,-0.010149077116484518,-0.02055532543488569
1,2023,2023-11-13,2023/11/5 0:00,5,-0.004854,-0.001973,2023-11-13,-0.0020586918881548774,-0.0027953081118451224,-0.023350633546730813
4,2021,2021-12-20,2021/12/23 0:00,-3,-0.018172,-0.015004,2021-12-20,-0.007498968551423844,-0.010673031448576157,-0.010673031448576157
4,2021,2021-12-21,2021/12/23 0:00,-2,0.013749,0.006775,2021-12-21,0.003472891014211255,0.010276108985788745,-0.00039692246278741176
4,2021,2021-12-22,2021/12/23 0:00,-1,0.018779,0.000197,2021-12-22,0.00015901561943887447,0.018619984380561127,0.018223061917773717
4,2021,2021-12-23,2021/12/23 0:00,0,-0.012289,0.006976,2021-12-23,0.003574151116727104,-0.015863151116727103,0.0023599108010466142
4,2021,2021-12-24,2021/12/23 0:00,1,-0.013997,-0.005536,2021-12-24,-0.0027291643194832993,-0.011267835680516702,-0.008907924879470088
4,2021,2021-12-27,2021/12/23 0:00,2,-0.012618,-0.000411,2021-12-27,-0.00014728359613145201,-0.01247071640386855,-0.021378641283338638
4,2021,2021-12-28,2021/12/23 0:00,3,0.039404,0.007448,2021-12-28,0.003811936034077751,0.03559206396592225,0.014213422682583614
4,2021,2021-12-29,2021/12/23 0:00,4,-0.00666,-0.014626,2021-12-29,-0.007308539104901503,0.0006485391049015025,0.014861961787485117
4,2021,2021-12-30,2021/12/23 0:00,5,0.01083,0.007788,2021-12-30,0.0039832217796269475,0.006846778220373052,0.02170874000785817
4,2022,2022-12-21,2022/12/25 0:00,-3,-0.01589,0.000397,2022-12-21,0.0015580162411611214,-0.017448016241161123,-0.017448016241161123
4,2022,2022-12-22,2022/12/25 0:00,-2,0.0,0.001433,2022-12-22,0.0022184477851682856,-0.0022184477851682856,-0.01966646402632941
4,2022,2022-12-23,2022/12/25 0:00,-1,0.005382,-0.002036,2022-12-23,7.022084240821324e-06,0.005374977915759178,-0.014291486110570231
4,2022,2022-12-26,2022/12/25 0:00,0,0.012848,0.003989,2022-12-26,0.0038478522508848035,0.009000147749115197,-0.005291338361455034
4,2022,2022-12-27,2022/12/25 0:00,1,0.02537,0.011543,2022-12-27,0.008663392678906152,0.016706607321093848,0.011415268959638814
4,2022,2022-12-28,2022/12/25 0:00,2,-0.015464,-0.004267,2022-12-28,-0.0014152006712417884,-0.014048799328758212,-0.0026335303691193985
4,2022,2022-12-29,2022/12/25 0:00,3,0.001047,-0.003762,2022-12-29,-0.0010932721676475627,0.002140272167647563,-0.0004932582014718356
4,2022,2022-12-30,2022/12/25 0:00,4,0.012552,0.003872,2022-12-30,0.0037732668352005966,0.008778733164799404,0.008285474963327568
4,2022,2023-01-03,2022/12/25 0:00,5,0.02686,0.004201,2023-01-03,0.003982998474175844,0.022877001525824156,0.031162476489151724
1,2020,2020-12-10,2020/12/15 0:00,-3,-0.003207,-0.00044,2020-12-10,0.0008948491534491196,-0.00410184915344912,-0.00410184915344912
1,2020,2020-12-11,2020/12/15 0:00,-2,-0.006971,-0.010302,2020-12-11,-0.008623098840348887,0.0016520988403488871,-0.002449750313100233
1,2020,2020-12-14,2020/12/15 0:00,-1,0.019438,0.009245,2020-12-14,0.010241972081854483,0.009196027918145517,0.006746277605045284
1,2020,2020-12-15,2020/12/15 0:00,0,-0.007415,0.00208,2020-12-15,0.0033269348302257347,-0.010741934830225734,-0.0039956572251804495
1,2020,2020-12-16,2020/12/15 0:00,1,0.014408,0.001773,2020-12-16,0.00303064502753906,0.011377354972460941,0.007381697747280491
1,2020,2020-12-17,2020/12/15 0:00,2,-0.003156,0.012841,2020-12-17,0.01371251973808016,-0.01686851973808016,-0.009486821990799671
1,2020,2020-12-18,2020/12/15 0:00,3,-0.031135,-0.00349,2020-12-18,-0.002048746606141625,-0.029086253393858376,-0.03857307538465805
1,2020,2020-12-21,2020/12/15 0:00,4,-0.004357,0.009374,2020-12-21,0.010366471705784716,-0.014723471705784716,-0.053296547090442764
1,2020,2020-12-22,2020/12/15 0:00,5,-0.020788,-0.016261,2020-12-22,-0.014374209375234542,-0.006413790624765459,-0.05971033771520822
1,2022,2022-11-16,2022/11/20 0:00,-3,-0.01582,-0.008169,2022-11-16,-0.00945847927927066,-0.0063615207207293415,-0.0063615207207293415
1,2022,2022-11-17,2022/11/20 0:00,-2,-0.010998,-0.004101,2022-11-17,-0.005711540144184887,-0.0052864598558151135,-0.011647980576544455
1,2022,2022-11-18,2022/11/20 0:00,-1,-0.008554,-0.004477,2022-11-18,-0.006057864902000092,-0.0024961350979999086,-0.014144115674544364
1,2022,2022-11-21,2022/11/20 0:00,0,-0.011217,-0.008534,2022-11-21,-0.009794672195766801,-0.0014223278042331984,-0.015566443478777562
1,2022,2022-11-22,2022/11/20 0:00,1,0.031414,0.000118,2022-11-22,-0.0018255184600829033,0.0332395184600829,0.017673074981305336
1,2022,2022-11-23,2022/11/20 0:00,2,0.0,0.001049,2022-11-23,-0.0009679962538968527,0.0009679962538968527,0.01864107123520219
1,2022,2022-11-24,2022/11/20 0:00,3,-0.00423,-0.004431,2022-11-24,-0.006015495383756743,0.0017854953837567423,0.020426566618958933
1,2022,2022-11-25,2022/11/20 0:00,4,0.033985,0.005049,2022-11-25,0.0027163096803074463,0.03126869031969255,0.051695256938651485
1,2022,2022-11-28,2022/11/20 0:00,5,-0.029581,-0.011265,2022-11-28,-0.012310132072344788,-0.017270867927655212,0.03442438901099627
4,2020,2020-12-10,2020/12/15 0:00,-3,0.015984,-0.00044,2020-12-10,-0.0022926103542151004,0.0182766103542151,0.0182766103542151
4,2020,2020-12-11,2020/12/15 0:00,-2,0.045583,-0.010302,2020-12-11,-0.010106810640667105,0.0556898106406671,0.07396642099488221
4,2020,2020-12-14,2020/12/15 0:00,-1,-0.099923,0.009245,2020-12-14,0.0053813431820136206,-0.10530434318201362,-0.03133792218713141
4,2020,2020-12-15,2020/12/15 0:00,0,0.012002,0.00208,2020-12-15,-0.00029587696120566566,0.012297876961205666,-0.019040045225925745
4,2020,2020-12-16,2020/12/15 0:00,1,-0.01906,0.001773,2020-12-16,-0.000539129799163561,-0.01852087020083644,-0.03756091542676218
4,2020,2020-12-17,2020/12/15 0:00,2,0.000864,0.012841,2020-12-17,0.008230650039657242,-0.007366650039657242,-0.04492756546641942
4,2020,2020-12-18,2020/12/15 0:00,3,-0.022002,-0.00349,2020-12-18,-0.004709291643373345,-0.017292708356626656,-0.062220273823046075
4,2020,2020-12-21,2020/12/15 0:00,4,0.002206,0.009374,2020-12-21,0.005483556915227199,-0.003277556915227199,-0.06549783073827327
4,2020,2020-12-22,2020/12/15 0:00,5,-0.004842,-0.016261,2020-12-22,-0.014828451231517591,0.00998645123151759,-0.05551137950675568
4,2023,2023-11-16,2023/11/21 0:00,-3,-0.018431,-0.00967,2023-11-16,0.005687097276388946,-0.024118097276388945,-0.024118097276388945
4,2023,2023-11-17,2023/11/21 0:00,-2,-0.004828,-0.001202,2023-11-17,0.005874879654603437,-0.010702879654603436,-0.034820976930992384
4,2023,2023-11-20,2023/11/21 0:00,-1,0.021024,0.002313,2023-11-20,0.005952826638474946,0.015071173361525055,-0.01974980356946733
4,2023,2023-11-21,2023/11/21 0:00,0,-0.025871,0.001327,2023-11-21,0.005930961567039012,-0.03180196156703902,-0.05155176513650635
4,2023,2023-11-22,2023/11/21 0:00,1,-0.017344,-0.010235,2023-11-22,0.005674568102594521,-0.02301856810259452,-0.07457033323910087
4,2023,2023-11-23,2023/11/21 0:00,2,0.030888,0.004826,2023-11-23,0.006008553742449086,0.02487944625755091,-0.049690886981549956
4,2023,2023-11-24,2023/11/21 0:00,3,-0.035313,-0.006601,2023-11-24,0.005755153974397953,-0.04106815397439795,-0.0907590409559479
4,2023,2023-11-27,2023/11/21 0:00,4,0.003328,-0.007368,2023-11-27,0.005738145343777911,-0.002410145343777911,-0.09316918629972581
4,2023,2023-11-28,2023/11/21 0:00,5,-0.014373,0.001874,2023-11-28,0.005943091581314322,-0.020316091581314324,-0.11348527788104014
1,2020,2020-10-15,2020/10/20 0:00,-3,0.033063,-0.00174,2020-10-15,-0.002104957439846001,0.035167957439846007,0.035167957439846007
1,2020,2020-10-16,2020/10/20 0:00,-2,0.032609,-0.001471,2020-10-16,-0.0018310355961147634,0.03444003559611476,0.06960799303596077
1,2020,2020-10-19,2020/10/20 0:00,-1,0.022222,-0.007552,2020-10-19,-0.008023298539347688,0.03024529853934769,0.09985329157530845
1,2020,2020-10-20,2020/10/20 0:00,0,0.003432,0.007986,2020-10-20,0.007798997400786037,-0.004366997400786037,0.09548629417452241
1,2020,2020-10-21,2020/10/20 0:00,1,0.021095,-0.000133,2020-10-21,-0.0004685544551764879,0.021563554455176485,0.11704984862969889
1,2020,2020-10-22,2020/10/20 0:00,2,-0.019542,-0.003097,2020-10-22,-0.003486786220304327,-0.016055213779695675,0.1009946348500032
1,2020,2020-10-23,2020/10/20 0:00,3,0.03246,-0.012452,2020-10-23,-0.013012952941886962,0.04547295294188697,0.14646758779189017
1,2020,2020-10-26,2020/10/20 0:00,4,-0.023718,-0.005776,2020-10-26,-0.006214803392631411,-0.017503196607368588,0.12896439118452158
1,2020,2020-10-27,2020/10/20 0:00,5,0.00339,0.001714,2020-10-27,0.0014122397655357652,0.0019777602344642348,0.1309421514189858
1,2019,2019-11-25,2019/11/28 0:00,-3,0.01347,0.007328,2019-11-25,0.010449135622175901,0.0030208643778240982,0.0030208643778240982
1,2019,2019-11-26,2019/11/28 0:00,-2,-0.011392,0.003467,2019-11-26,0.005899462323738157,-0.017291462323738155,-0.014270597945914057
1,2019,2019-11-27,2019/11/28 0:00,-1,-0.009603,-0.00412,2019-11-27,-0.0030408047871779676,-0.006562195212822032,-0.02083279315873609
1,2019,2019-11-28,2019/11/28 0:00,0,0.001293,-0.003436,2019-11-28,-0.0022348020583172015,0.003527802058317202,-0.017304991100418887
1,2019,2019-11-29,2019/11/28 0:00,1,-0.012912,-0.008708,2019-11-29,-0.00844715057667094,-0.004464849423329059,-0.021769840523747946
1,2019,2019-12-02,2019/11/28 0:00,2,0.004578,0.00193,2019-12-02,0.004088312916926759,0.0004896870830732409,-0.021280153440674705
1,2019,2019-12-03,2019/11/28 0:00,3,0.005859,0.003918,2019-12-03,0.006430905643498691,-0.0005719056434986911,-0.021852059084173397
1,2019,2019-12-04,2019/11/28 0:00,4,-0.009061,-0.000329,2019-12-04,0.0014263828518734402,-0.01048738285187344,-0.032339441936046834
1,2019,2019-12-05,2019/11/28 0:00,5,0.007838,0.007674,2019-12-05,0.010856850452856932,-0.0030188504528569325,-0.03535829238890377
4,2019,2019-08-08,2019/8/13 0:00,-3,-0.001652,0.013217,2019-08-08,0.012616892113704734,-0.014268892113704735,-0.014268892113704735
4,2019,2019-08-09,2019/8/13 0:00,-2,0.000552,-0.009747,2019-08-09,-0.0063742289344976165,0.006926228934497616,-0.007342663179207119
4,2019,2019-08-12,2019/8/13 0:00,-1,0.007166,0.018047,2019-08-12,0.016611279618617525,-0.009445279618617526,-0.016787942797824647
4,2019,2019-08-13,2019/8/13 0:00,0,-0.008758,-0.009017,2019-08-13,-0.005770522334376221,-0.002987477665623779,-0.019775420463448427
4,2019,2019-08-14,2019/8/13 0:00,1,0.018774,0.004542,2019-08-14,0.005442707516371718,0.013331292483628281,-0.006444127979820146
4,2019,2019-08-15,2019/8/13 0:00,2,0.034688,0.00315,2019-08-15,0.004291529999427907,0.03039647000057209,0.023952342020751943
4,2019,2019-08-16,2019/8/13 0:00,3,0.003143,0.004477,2019-08-16,0.005388952819100635,-0.0022459528191006353,0.021706389201651306
4,2019,2019-08-19,2019/8/13 0:00,4,0.036554,0.02171,2019-08-19,0.019640563558678718,0.016913436441321286,0.03861982564297259
4,2019,2019-08-20,2019/8/13 0:00,5,0.005038,-0.000887,2019-08-20,0.0009529498012223291,0.004085050198777671,0.042704875841750256
5,2019,2019-12-23,2019/12/26 0:00,-3,-0.032362,-0.012485,2019-12-23,-0.013107765042356655,-0.01925423495764335,-0.01925423495764335
5,2019,2019-12-24,2019/12/26 0:00,-2,0.020067,0.006519,2019-12-24,0.006745444349326477,0.013321555650673524,-0.005932679306969824
5,2019,2019-12-25,2019/12/26 0:00,-1,-0.006557,-0.000524,2019-12-25,-0.0006122779062841471,-0.005944722093715853,-0.011877401400685678
5,2019,2019-12-26,2019/12/26 0:00,0,0.023102,0.0088,2019-12-26,0.009128372712956728,0.013973627287043273,0.002096225886357595
5,2019,2019-12-27,2019/12/26 0:00,1,-0.003226,-0.000984,2019-12-27,-0.0010928333851398745,-0.0021331666148601256,-3.69407285025305e-05
5,2019,2019-12-30,2019/12/26 0:00,2,-0.003236,0.01482,2019-12-30,0.015417381371025158,-0.01865338137102516,-0.01869032209952769
5,2019,2019-12-31,2019/12/26 0:00,3,0.003247,0.003663,2019-12-31,0.003761821637126571,-0.0005148216371265711,-0.019205143736654263
5,2019,2020-01-02,2019/12/26 0:00,4,0.016181,0.013587,2020-01-02,0.01412928375052709,0.0020517162494729114,-0.01715342748718135
5,2019,2020-01-03,2019/12/26 0:00,5,0.003185,-0.001752,2020-01-03,-0.0018951520976642194,0.00508015209766422,-0.01207327538951713
5,2021,2021-12-20,2021/12/23 0:00,-3,-0.017699,-0.015004,2021-12-20,0.0015503264831268312,-0.01924932648312683,-0.01924932648312683
5,2021,2021-12-21,2021/12/23 0:00,-2,0.022523,0.006775,2021-12-21,0.0020938455736168485,0.020429154426383152,0.0011798279432563216
5,2021,2021-12-22,2021/12/23 0:00,-1,0.008811,0.000197,2021-12-22,0.001929684290856238,0.006881315709143762,0.008061143652400083
5,2021,2021-12-23,2021/12/23 0:00,0,-0.008734,0.006976,2021-12-23,0.0020988617514573595,-0.01083286175145736,-0.0027717180990572774
5,2021,2021-12-24,2021/12/23 0:00,1,-0.013216,-0.005536,2021-12-24,0.0017866109199127021,-0.015002610919912703,-0.01777432901896998
5,2021,2021-12-27,2021/12/23 0:00,2,0.008929,-0.000411,2021-12-27,0.001914510976791408,0.007014489023208592,-0.010759839995761388
5,2021,2021-12-28,2021/12/23 0:00,3,0.013274,0.007448,2021-12-28,0.00211064103474453,0.01116335896525547,0.0004035189694940808
5,2021,2021-12-29,2021/12/23 0:00,4,0.0,-0.014626,2021-12-29,0.0015597598922000313,-0.0015597598922000313,-0.0011562409227059505
5,2021,2021-12-30,2021/12/23 0:00,5,0.0,0.007788,2021-12-30,0.0021191261116886785,-0.0021191261116886785,-0.003275367034394629
1,2023,2023-08-03,2023/8/8 0:00,-3,0.024938,0.008839,2023-08-03,0.00920312472843061,0.015734875271569387,0.015734875271569387
1,2023,2023-08-04,2023/8/8 0:00,-2,-0.002433,0.003894,2023-08-04,0.0032675011239001444,-0.005700501123900144,0.010034374147669244
1,2023,2023-08-07,2023/8/8 0:00,-1,-0.011382,-0.007568,2023-08-07,-0.010490662223951867,-0.0008913377760481327,0.00914303637162111
1,2023,2023-08-08,2023/8/8 0:00,0,-0.004934,-0.002612,2023-08-08,-0.004541835007763194,-0.00039216499223680614,0.008750871379384306
1,2023,2023-08-09,2023/8/8 0:00,1,0.005785,-0.003057,2023-08-09,-0.005075981115754307,0.010860981115754308,0.019611852495138613
1,2023,2023-08-10,2023/8/8 0:00,2,-0.000822,0.002055,2023-08-10,0.0010600973203143962,-0.0018820973203143962,0.017729755174824217
1,2023,2023-08-11,2023/8/8 0:00,3,-0.022204,-0.023005,2023-08-11,-0.029020130693746975,0.006816130693746973,0.02454588586857119
1,2023,2023-08-14,2023/8/8 0:00,4,-0.018503,-0.007298,2023-08-14,-0.010166573574159505,-0.008336426425840494,0.016209459442730695
1,2023,2023-08-15,2023/8/8 0:00,5,0.005141,-0.00243,2023-08-15,-0.004323375251236491,0.00946437525123649,0.025673834693967185
1,2022,2022-09-01,2022/9/6 0:00,-3,-0.01098,-0.008605,2022-09-01,-0.009550133984051369,-0.0014298660159486314,-0.0014298660159486314
1,2022,2022-09-02,2022/9/6 0:00,-2,-0.00793,-0.004977,2022-09-02,-0.005917229989114141,-0.0020127700108858587,-0.00344263602683449
1,2022,2022-09-05,2022/9/6 0:00,-1,0.004796,-0.002035,2022-09-05,-0.002971253265545971,0.007767253265545971,0.0043246172387114805
1,2022,2022-09-06,2022/9/6 0:00,0,-0.005569,0.009178,2022-09-06,0.008256903431044748,-0.013825903431044749,-0.009501286192333269
1,2022,2022-09-07,2022/9/6 0:00,1,-0.0136,0.000667,2022-09-07,-0.0002656009517862172,-0.013334399048213782,-0.02283568524054705
1,2022,2022-09-08,2022/9/6 0:00,2,0.002433,-0.004266,2022-09-08,-0.005205268925056709,0.0076382689250567085,-0.01519741631549034
1,2022,2022-09-09,2022/9/6 0:00,3,0.029126,0.013895,2022-09-09,0.012980279435487664,0.016145720564512335,0.0009483042490219945
1,2022,2022-09-13,2022/9/6 0:00,4,0.018082,0.004233,2022-09-13,0.003305219237283836,0.014776780762716164,0.01572508501173816
1,2022,2022-09-14,2022/9/6 0:00,5,-0.016988,-0.01113,2022-09-14,-0.012078547045577417,-0.0049094529544225825,0.010815632057315576
1,2021,2021-08-19,2021/8/24 0:00,-3,-0.013579,-0.006559,2021-08-19,-0.007708675078884907,-0.005870324921115094,-0.005870324921115094
1,2021,2021-08-20,2021/8/24 0:00,-2,-0.045231,-0.019101,2021-08-20,-0.02267130913771405,-0.02255969086228595,-0.028430015783401045
1,2021,2021-08-23,2021/8/24 0:00,-1,-0.006179,0.013967,2021-08-23,0.016778888841664202,-0.022957888841664203,-0.05138790462506525
1,2021,2021-08-24,2021/8/24 0:00,0,0.003109,0.010859,2021-08-24,0.013071037888479626,-0.009962037888479627,-0.06134994251354488
1,2021,2021-08-25,2021/8/24 0:00,1,-0.010331,0.001998,2021-08-25,0.002499845064744573,-0.012830845064744573,-0.07418078757828946
1,2021,2021-08-26,2021/8/24 0:00,2,-0.036534,-0.019711,2021-08-26,-0.023399040502399566,-0.013134959497600431,-0.08731574707588989
1,2021,2021-08-27,2021/8/24 0:00,3,-0.003792,0.005297,2021-08-27,0.00643555944523232,-0.01022755944523232,-0.09754330652112221
1,2021,2021-08-30,2021/8/24 0:00,4,-0.036433,-0.002853,2021-08-30,-0.003287408787861085,-0.03314559121213891,-0.13068889773326112
1,2021,2021-08-31,2021/8/24 0:00,5,0.004515,-0.001591,2021-08-31,-0.0017818399645280936,0.006296839964528093,-0.12439205776873302
5,2020,2020-12-10,2020/12/15 0:00,-3,0.011905,-0.00044,2020-12-10,-0.001695142301733991,0.013600142301733991,0.013600142301733991
5,2020,2020-12-11,2020/12/15 0:00,-2,-0.007843,-0.010302,2020-12-11,-0.00829471302360447,0.00045171302360447023,0.014051855325338461
5,2020,2020-12-14,2020/12/15 0:00,-1,0.0,0.009245,2020-12-14,0.004785981450173896,-0.004785981450173896,0.009265873875164565
5,2020,2020-12-15,2020/12/15 0:00,0,-0.003953,0.00208,2020-12-15,-8.77866158862468e-06,-0.003944221338411375,0.00532165253675319
5,2020,2020-12-16,2020/12/15 0:00,1,0.011905,0.001773,2020-12-16,-0.00021422058124125434,0.012119220581241255,0.017440873117994443
5,2020,2020-12-17,2020/12/15 0:00,2,0.0,0.012841,2020-12-17,0.007192395596984506,-0.007192395596984506,0.010248477521009937
5,2020,2020-12-18,2020/12/15 0:00,3,-0.003922,-0.00349,2020-12-18,-0.003736177659846439,-0.00018582234015356112,0.010062655180856375
5,2020,2020-12-21,2020/12/15 0:00,4,0.003937,0.009374,2020-12-21,0.004872307207943243,-0.0009353072079432423,0.009127347972913133
5,2020,2020-12-22,2020/12/15 0:00,5,-0.003922,-0.016261,2020-12-22,-0.012282427679011708,0.008360427679011708,0.01748777565192484
5,2022,2022-11-16,2022/11/20 0:00,-3,0.0,-0.008169,2022-11-16,-0.004908037076771866,0.004908037076771866,0.004908037076771866
5,2022,2022-11-17,2022/11/20 0:00,-2,0.011236,-0.004101,2022-11-17,-0.0024179403068514205,0.013653940306851419,0.018561977383623286
5,2022,2022-11-18,2022/11/20 0:00,-1,-0.011111,-0.004477,2022-11-18,-0.002648096743795887,-0.008462903256204113,0.010099074127419174
5,2022,2022-11-21,2022/11/20 0:00,0,0.022472,-0.008534,2022-11-21,-0.00513146021369934,0.02760346021369934,0.03770253434111851
5,2022,2022-11-22,2022/11/20 0:00,1,0.005495,0.000118,2022-11-22,0.00016458630875682917,0.00533041369124317,0.043032948032361684
5,2022,2022-11-23,2022/11/20 0:00,2,-0.027322,0.001049,2022-11-23,0.0007344683374677276,-0.02805646833746773,0.014976479694893956
5,2022,2022-11-24,2022/11/20 0:00,3,0.005618,-0.004431,2022-11-24,-0.0026199393073611916,0.008237939307361192,0.023214419002255147
5,2022,2022-11-25,2022/11/20 0:00,4,0.011173,0.005049,2022-11-25,0.0031829410709194933,0.007990058929080508,0.031204477931335656
5,2022,2022-11-28,2022/11/20 0:00,5,0.027624,-0.011265,2022-11-28,-0.006803154972463534,0.034427154972463535,0.0656316329037992
4,2021,2021-09-08,2021/9/12 0:00,-3,0.018258,-0.004145,2021-09-08,-0.0006828690333825307,0.018940869033382532,0.018940869033382532
4,2021,2021-09-09,2021/9/12 0:00,-2,-0.016393,-0.000426,2021-09-09,0.001460552182264746,-0.017853552182264747,0.0010873168511177853
4,2021,2021-09-10,2021/9/12 0:00,-1,-0.017708,0.008754,2021-09-10,0.006751384868374452,-0.024459384868374453,-0.023372068017256668
4,2021,2021-09-13,2021/9/12 0:00,0,-0.012195,-0.004361,2021-09-13,-0.0008073592142321712,-0.011387640785767828,-0.034759708803024494
4,2021,2021-09-14,2021/9/12 0:00,1,0.099839,-0.014924,2021-09-14,-0.00689527486383749,0.10673427486383749,0.071974566060813
4,2021,2021-09-15,2021/9/12 0:00,2,-0.02245,-0.010137,2021-09-15,-0.004136318865100326,-0.018313681134899673,0.053660884925913324
4,2021,2021-09-16,2021/9/12 0:00,3,-0.008487,-0.012249,2021-09-16,-0.005353556188963474,-0.0031334438110365258,0.050527441114876795
4,2021,2021-09-17,2021/9/12 0:00,4,-0.035247,0.010034,2021-09-17,0.0074891044585945424,-0.04273610445859454,0.007791336656282254
4,2021,2021-09-22,2021/9/12 0:00,5,0.016701,-0.007037,2021-09-22,-0.0023496542325360465,0.019050654232536046,0.0268419908888183
6,2019,2019-12-23,2019/12/26 0:00,-3,-0.022346,-0.012485,2019-12-23,-0.013060040164581878,-0.009285959835418123,-0.009285959835418123
6,2019,2019-12-24,2019/12/26 0:00,-2,0.00381,0.006519,2019-12-24,0.005767926360786104,-0.0019579263607861037,-0.011243886196204228
6,2019,2019-12-25,2019/12/26 0:00,-1,-0.005693,-0.000524,2019-12-25,-0.0012098345441900428,-0.004483165455809957,-0.015727051652014185
6,2019,2019-12-26,2019/12/26 0:00,0,0.009542,0.0088,2019-12-26,0.008027797527086062,0.0015142024729139381,-0.014212849179100246
6,2019,2019-12-27,2019/12/26 0:00,1,-0.003781,-0.000984,2019-12-27,-0.0016655735781654832,-0.002115426421834517,-0.016328275600934763
6,2019,2019-12-30,2019/12/26 0:00,2,0.009488,0.01482,2019-12-30,0.013992034449982045,-0.004504034449982045,-0.02083231005091681
6,2019,2019-12-31,2019/12/26 0:00,3,0.007519,0.003663,2019-12-31,0.002938381402016848,0.0045806185979831516,-0.016251691452933658
6,2019,2020-01-02,2019/12/26 0:00,4,0.007463,0.013587,2020-01-02,0.012770455691521788,-0.005307455691521788,-0.021559147144455445
6,2019,2020-01-03,2019/12/26 0:00,5,0.014815,-0.001752,2020-01-03,-0.0024264596174983924,0.017241459617498393,-0.0043176875269570515
4,2020,2020-10-15,2020/10/20 0:00,-3,0.094894,-0.00174,2020-10-15,-0.004913596448697134,0.09980759644869713,0.09980759644869713
4,2020,2020-10-16,2020/10/20 0:00,-2,-0.055577,-0.001471,2020-10-16,-0.004685083039643798,-0.05089191696035621,0.04891567948834093
4,2020,2020-10-19,2020/10/20 0:00,-1,0.063786,-0.007552,2020-10-19,-0.009850845271812327,0.07363684527181233,0.12255252476015326
4,2020,2020-10-20,2020/10/20 0:00,0,-0.008511,0.007986,2020-10-20,0.0033485649507554397,-0.01185956495075544,0.11069295980939782
4,2020,2020-10-21,2020/10/20 0:00,1,0.029263,-0.000133,2020-10-21,-0.003548462439965869,0.03281146243996587,0.1435044222493637
4,2020,2020-10-22,2020/10/20 0:00,2,-0.011372,-0.003097,2020-10-22,-0.006066357400687381,-0.005305642599312619,0.13819877965005106
4,2020,2020-10-23,2020/10/20 0:00,3,-0.033742,-0.012452,2020-10-23,-0.014013357183936283,-0.019728642816063718,0.11847013683398734
4,2020,2020-10-26,2020/10/20 0:00,4,0.011111,-0.005776,2020-10-26,-0.008342147076724132,0.01945314707672413,0.13792328391071146
4,2020,2020-10-27,2020/10/20 0:00,5,0.02394,0.001714,2020-10-27,-0.0019794502967632258,0.025919450296763225,0.1638427342074747
6,2020,2020-12-10,2020/12/15 0:00,-3,-0.012681,-0.00044,2020-12-10,-0.001319816439647012,-0.011361183560352987,-0.011361183560352987
6,2020,2020-12-11,2020/12/15 0:00,-2,-0.023853,-0.010302,2020-12-11,-0.013619867990076596,-0.010233132009923403,-0.02159431557027639
6,2020,2020-12-14,2020/12/15 0:00,-1,0.009398,0.009245,2020-12-14,0.010759477746715845,-0.0013614777467158452,-0.022955793316992237
6,2020,2020-12-15,2020/12/15 0:00,0,0.024209,0.00208,2020-12-15,0.001823169760624996,0.022385830239375005,-0.0005699630776172318
6,2020,2020-12-16,2020/12/15 0:00,1,-0.001818,0.001773,2020-12-16,0.0014402742195601128,-0.0032582742195601125,-0.0038282372971773443
6,2020,2020-12-17,2020/12/15 0:00,2,0.005464,0.012841,2020-12-17,0.015244469165834156,-0.009780469165834155,-0.013608706463011499
6,2020,2020-12-18,2020/12/15 0:00,3,0.0,-0.00349,2020-12-18,-0.005123827515373054,0.005123827515373054,-0.008484878947638445
6,2020,2020-12-21,2020/12/15 0:00,4,-0.005435,0.009374,2020-12-21,0.010920368706967866,-0.016355368706967865,-0.02484024765460631
6,2020,2020-12-22,2020/12/15 0:00,5,-0.01275,-0.016261,2020-12-22,-0.021052032580322986,0.008302032580322987,-0.016538215074283324
4,2022,2022-11-16,2022/11/20 0:00,-3,0.008377,-0.008169,2022-11-16,-0.0060552535803130286,0.01443225358031303,0.01443225358031303
4,2022,2022-11-17,2022/11/20 0:00,-2,0.036345,-0.004101,2022-11-17,-0.002488443425011108,0.03883344342501111,0.053265697005324145
4,2022,2022-11-18,2022/11/20 0:00,-1,0.0501,-0.004477,2022-11-18,-0.0028181190932494373,0.052918119093249436,0.10618381609857358
4,2022,2022-11-21,2022/11/20 0:00,0,0.049618,-0.008534,2022-11-21,-0.006375284481661407,0.05599328448166141,0.162177100580235
4,2022,2022-11-22,2022/11/20 0:00,1,0.05,0.000118,2022-11-22,0.0012107630757801412,0.04878923692421986,0.21096633750445484
4,2022,2022-11-23,2022/11/20 0:00,2,-0.050216,0.001049,2022-11-23,0.0020270610734660034,-0.052243061073466,0.15872327643098885
4,2022,2022-11-24,2022/11/20 0:00,3,-0.050137,-0.004431,2022-11-24,-0.0027777864317096415,-0.047359213568290356,0.1113640628626985
4,2022,2022-11-25,2022/11/20 0:00,4,-0.040307,0.005049,2022-11-25,0.005534249033448227,-0.04584124903344823,0.06552281382925026
4,2022,2022-11-28,2022/11/20 0:00,5,0.001,-0.011265,2022-11-28,-0.00876981706133927,0.00976981706133927,0.07529263089058953
6,2021,2021-12-20,2021/12/23 0:00,-3,0.018605,-0.015004,2021-12-20,-0.0087457009221455,0.027350700922145497,0.027350700922145497
6,2021,2021-12-21,2021/12/23 0:00,-2,0.077626,0.006775,2021-12-21,0.001857902657526326,0.07576809734247368,0.10311879826461917
6,2021,2021-12-22,2021/12/23 0:00,-1,-0.044492,0.000197,2021-12-22,-0.0013447468831817534,-0.043147253116818246,0.059971545147800925
6,2021,2021-12-23,2021/12/23 0:00,0,-0.019956,0.006976,2021-12-23,0.001955764098341517,-0.02191176409834152,0.03805978104945941
6,2021,2021-12-24,2021/12/23 0:00,1,-0.00905,-0.005536,2021-12-24,-0.004135988874194131,-0.0049140111258058694,0.03314576992365354
6,2021,2021-12-27,2021/12/23 0:00,2,0.011416,-0.000411,2021-12-27,-0.0016407655698267081,0.013056765569826708,0.046202535493480246
6,2021,2021-12-28,2021/12/23 0:00,3,-0.011287,0.007448,2021-12-28,0.0021855680787632578,-0.013472568078763257,0.03272996741471699
6,2021,2021-12-29,2021/12/23 0:00,4,0.002283,-0.014626,2021-12-29,-0.008561662988672156,0.010844662988672156,0.043574630403389145
6,2021,2021-12-30,2021/12/23 0:00,5,-0.002278,0.007788,2021-12-30,0.0023511048443212914,-0.004629104844321292,0.038945525559067856
4,2023,2023-11-01,2023/11/5 0:00,-3,-0.029395,-0.000414,2023-11-01,0.005031134757529459,-0.03442613475752946,-0.03442613475752946
4,2023,2023-11-02,2023/11/5 0:00,-2,-0.030879,-0.004715,2023-11-02,0.004847012183598391,-0.03572601218359839,-0.07015214694112784
4,2023,2023-11-03,2023/11/5 0:00,-1,0.012868,0.008426,2023-11-03,0.005409568506320584,0.007458431493679415,-0.06269371544744842
4,2023,2023-11-06,2023/11/5 0:00,0,0.012099,0.013524,2023-11-06,0.005627810050589494,0.006471189949410506,-0.05622252549803792
4,2023,2023-11-07,2023/11/5 0:00,1,0.008966,-0.003537,2023-11-07,0.004897441477272141,0.004068558522727859,-0.05215396697531006
4,2023,2023-11-08,2023/11/5 0:00,2,0.008294,-0.0024,2023-11-08,0.004946115591794258,0.0033478844082057415,-0.048806082567104316
4,2023,2023-11-09,2023/11/5 0:00,3,0.099882,0.000486,2023-11-09,0.005069663080370184,0.09481233691962981,0.0460062543525255
4,2023,2023-11-10,2023/11/5 0:00,4,0.02297,-0.00729,2023-11-10,0.004736778371026316,0.018233221628973686,0.06423947598149918
4,2023,2023-11-13,2023/11/5 0:00,5,0.019321,-0.001973,2023-11-13,0.0049643951405198014,0.0143566048594802,0.07859608084097938
6,2022,2022-11-16,2022/11/20 0:00,-3,-0.016627,-0.008169,2022-11-16,-0.006577075312911497,-0.010049924687088502,-0.010049924687088502
6,2022,2022-11-17,2022/11/20 0:00,-2,0.004831,-0.004101,2022-11-17,-0.0036449838360991258,0.008475983836099127,-0.0015739408509893756
6,2022,2022-11-18,2022/11/20 0:00,-1,-0.004808,-0.004477,2022-11-18,-0.003915993274467231,-0.0008920067255327692,-0.0024659475765221447
6,2022,2022-11-21,2022/11/20 0:00,0,-0.009662,-0.008534,2022-11-21,-0.00684015628366777,-0.0028218437163322306,-0.005287791292854375
6,2022,2022-11-22,2022/11/20 0:00,1,-0.004878,0.000118,2022-11-22,-0.0006040561220697759,-0.004273943877930225,-0.0095617351707846
6,2022,2022-11-23,2022/11/20 0:00,2,0.019608,0.001049,2022-11-23,6.69805458044418e-05,0.01954101945419556,0.00997928428341096
6,2022,2022-11-24,2022/11/20 0:00,3,0.009615,-0.004431,2022-11-24,-0.0038828378644541117,0.013497837864454111,0.02347712214786507
6,2022,2022-11-25,2022/11/20 0:00,4,0.045238,0.005049,2022-11-25,0.0029500596773800276,0.042287940322619975,0.06576506247048505
6,2022,2022-11-28,2022/11/20 0:00,5,0.100228,-0.011265,2022-11-28,-0.008808578560751,0.109036578560751,0.17480164103123605
6,2023,2023-11-01,2023/11/5 0:00,-3,0.009259,-0.000414,2023-11-01,5.340157821455454e-05,0.009205598421785446,0.009205598421785446
6,2023,2023-11-02,2023/11/5 0:00,-2,0.004587,-0.004715,2023-11-02,-0.003776743567460265,0.008363743567460264,0.01756934198924571
6,2023,2023-11-03,2023/11/5 0:00,-1,0.006849,0.008426,2023-11-03,0.007925636660233947,-0.0010766366602339471,0.016492705329011762
6,2023,2023-11-06,2023/11/5 0:00,0,0.020408,0.013524,2023-11-06,0.012465529697353275,0.007942470302646724,0.024435175631658486
6,2023,2023-11-07,2023/11/5 0:00,1,-0.004444,-0.003537,2023-11-07,-0.0027277059060780433,-0.0017162940939219567,0.02271888153773653
6,2023,2023-11-08,2023/11/5 0:00,2,0.004464,-0.0024,2023-11-08,-0.0017151797422481731,0.0061791797422481734,0.0288980612799847
6,2023,2023-11-09,2023/11/5 0:00,3,-0.006667,0.000486,2023-11-09,0.0008548734757052167,-0.007521873475705217,0.021376187804279485
6,2023,2023-11-10,2023/11/5 0:00,4,0.0,-0.00729,2023-11-10,-0.006069843718614104,0.006069843718614104,0.02744603152289359
6,2023,2023-11-13,2023/11/5 0:00,5,0.011186,-0.001973,2023-11-13,-0.0013349258531053813,0.01252092585310538,0.039966957375998965
7,2021,2021-12-20,2021/12/23 0:00,-3,0.017825,-0.015004,2021-12-20,-0.0039848477481044635,0.021809847748104464,0.021809847748104464
7,2021,2021-12-21,2021/12/23 0:00,-2,-0.015762,0.006775,2021-12-21,0.008607318758368433,-0.024369318758368435,-0.002559471010263971
7,2021,2021-12-22,2021/12/23 0:00,-1,0.0,0.000197,2021-12-22,0.004804055464388971,-0.004804055464388971,-0.0073635264746529415
7,2021,2021-12-23,2021/12/23 0:00,0,0.008897,0.006976,2021-12-23,0.00872353279334713,0.00017346720665287023,-0.007190059268000071
7,2021,2021-12-24,2021/12/23 0:00,1,0.040564,-0.005536,2021-12-24,0.0014893536607428382,0.03907464633925716,0.03188458707125709
7,2021,2021-12-27,2021/12/23 0:00,2,-0.015254,-0.000411,2021-12-27,0.0044525224630603735,-0.019706522463060372,0.012178064608196718
7,2021,2021-12-28,2021/12/23 0:00,3,-0.015491,0.007448,2021-12-28,0.008996433412799595,-0.024487433412799596,-0.012309368804602878
7,2021,2021-12-29,2021/12/23 0:00,4,0.008741,-0.014626,2021-12-29,-0.003766295980831093,0.012507295980831093,0.00019792717622821483
7,2021,2021-12-30,2021/12/23 0:00,5,0.024263,0.007788,2021-12-30,0.009193014367489928,0.015069985632510071,0.015267912808738286
7,2020,2020-12-10,2020/12/15 0:00,-3,-0.004926,-0.00044,2020-12-10,0.0004645753807798192,-0.005390575380779819,-0.005390575380779819
7,2020,2020-12-11,2020/12/15 0:00,-2,-0.011139,-0.010302,2020-12-11,-0.0011289581649797519,-0.010010041835020248,-0.015400617215800067
7,2020,2020-12-14,2020/12/15 0:00,-1,0.001252,0.009245,2020-12-14,0.0020295086996483494,-0.0007775086996483493,-0.016178125915448417
7,2020,2020-12-15,2020/12/15 0:00,0,0.025,0.00208,2020-12-15,0.0008717650517709081,0.024128234948229094,0.007950109032780678
7,2020,2020-12-16,2020/12/15 0:00,1,0.02439,0.001773,2020-12-16,0.000822159008519216,0.023567840991480783,0.03151795002426146
7,2020,2020-12-17,2020/12/15 0:00,2,0.017857,0.012841,2020-12-17,0.0026105618968245226,0.01524643810317548,0.04676438812743694
7,2020,2020-12-18,2020/12/15 0:00,3,0.011696,-0.00349,2020-12-18,-2.825338768161793e-05,0.011724253387681618,0.05848864151511856
7,2020,2020-12-21,2020/12/15 0:00,4,-0.008092,0.009374,2020-12-21,0.002050352932806227,-0.010142352932806227,0.04834628858231233
7,2020,2020-12-22,2020/12/15 0:00,5,0.003497,-0.016261,2020-12-22,-0.0020918324703114582,0.005588832470311458,0.05393512105262379
1,2019,2019-08-01,2019/8/6 0:00,-3,-0.002123,-0.008315,2019-08-01,-0.009594332218500725,0.007471332218500725,0.007471332218500725
1,2019,2019-08-02,2019/8/6 0:00,-2,-0.025532,-0.014732,2019-08-02,-0.017428923509851237,-0.008103076490148763,-0.0006317442716480375
1,2019,2019-08-05,2019/8/6 0:00,-1,-0.028384,-0.019146,2019-08-05,-0.02281802838128978,-0.005565971618710218,-0.006197715890358255
1,2019,2019-08-06,2019/8/6 0:00,0,0.001498,-0.010708,2019-08-06,-0.012515974256867839,0.014013974256867838,0.007816258366509583
1,2019,2019-08-07,2019/8/6 0:00,1,0.012715,-0.004097,2019-08-07,-0.004444526068131946,0.017159526068131946,0.02497578443464153
1,2019,2019-08-08,2019/8/6 0:00,2,0.062038,0.013217,2019-08-08,0.01669434156759234,0.04534365843240766,0.07031944286704919
1,2019,2019-08-09,2019/8/6 0:00,3,0.009736,-0.009747,2019-08-09,-0.011342677976520662,0.02107867797652066,0.09139812084356985
1,2019,2019-08-12,2019/8/6 0:00,4,0.041322,0.018047,2019-08-12,0.022591345765383047,0.01873065423461695,0.1101287750781868
1,2019,2019-08-13,2019/8/6 0:00,5,-0.015212,-0.009017,2019-08-13,-0.010451412331719995,-0.004760587668280004,0.1053681874099068
7,2019,2019-12-23,2019/12/26 0:00,-3,0.004082,-0.012485,2019-12-23,-0.0025900732408350334,0.006672073240835033,0.006672073240835033
7,2019,2019-12-24,2019/12/26 0:00,-2,-0.007114,0.006519,2019-12-24,0.006364998152200133,-0.013478998152200133,-0.0068069249113651
7,2019,2019-12-25,2019/12/26 0:00,-1,-0.021494,-0.000524,2019-12-25,0.003046193278428997,-0.024540193278428997,-0.0313471181897941
7,2019,2019-12-26,2019/12/26 0:00,0,-0.00523,0.0088,2019-12-26,0.007439851753942568,-0.012669851753942567,-0.04401696994373666
7,2019,2019-12-27,2019/12/26 0:00,1,0.031546,-0.000984,2019-12-27,0.002829431920778177,0.02871656807922182,-0.01530040186451484
7,2019,2019-12-30,2019/12/26 0:00,2,-0.009174,0.01482,2019-12-30,0.01027659821711199,-0.019450598217111988,-0.03475100008162683
7,2019,2019-12-31,2019/12/26 0:00,3,-0.022634,0.003663,2019-12-31,0.005019192853394175,-0.027653192853394175,-0.062404192935021
7,2019,2020-01-02,2019/12/26 0:00,4,0.005263,0.013587,2020-01-02,0.00969558353453925,-0.00443258353453925,-0.06683677646956025
7,2019,2020-01-03,2019/12/26 0:00,5,-0.004188,-0.001752,2020-01-03,0.002467534697569852,-0.006655534697569852,-0.0734923111671301
7,2023,2023-11-16,2023/11/21 0:00,-3,-0.007905,-0.00967,2023-11-16,0.0026921332221514736,-0.010597133222151474,-0.010597133222151474
7,2023,2023-11-17,2023/11/21 0:00,-2,0.0,-0.001202,2023-11-17,0.002049131251659922,-0.002049131251659922,-0.012646264473811397
7,2023,2023-11-20,2023/11/21 0:00,-1,-0.001992,0.002313,2023-11-20,0.0017822262060437429,-0.0037742262060437427,-0.01642049067985514
7,2023,2023-11-21,2023/11/21 0:00,0,-0.003992,0.001327,2023-11-21,0.0018570962984982386,-0.005849096298498238,-0.02226958697835338
7,2023,2023-11-22,2023/11/21 0:00,1,-0.002004,-0.010235,2023-11-22,0.0027350354556573463,-0.004739035455657346,-0.027008622434010726
7,2023,2023-11-23,2023/11/21 0:00,2,0.008032,0.004826,2023-11-23,0.0015914061833884204,0.006440593816611578,-0.020568028617399148
7,2023,2023-11-24,2023/11/21 0:00,3,-0.005976,-0.006601,2023-11-24,0.002459094364400107,-0.008435094364400108,-0.029003122981799256
7,2023,2023-11-27,2023/11/21 0:00,4,-0.02004,-0.007368,2023-11-27,0.002517335095548787,-0.022557335095548785,-0.05156045807734804
7,2023,2023-11-28,2023/11/21 0:00,5,0.006135,0.001874,2023-11-28,0.0018155608618120223,0.004319439138187978,-0.047241018939160065
7,2022,2022-12-21,2022/12/25 0:00,-3,0.03201,0.000397,2022-12-21,0.0013313726712594126,0.030678627328740583,0.030678627328740583
7,2022,2022-12-22,2022/12/25 0:00,-2,-0.042184,0.001433,2022-12-22,0.0012637159822603882,-0.04344771598226039,-0.012769088653519806
7,2022,2022-12-23,2022/12/25 0:00,-1,0.025907,-0.002036,2022-12-23,0.0014902614013121407,0.02441673859868786,0.011647649945168054
7,2022,2022-12-26,2022/12/25 0:00,0,-0.006313,0.003989,2022-12-26,0.0010967946530311347,-0.007409794653031135,0.004237855292136919
7,2022,2022-12-27,2022/12/25 0:00,1,-0.003812,0.011543,2022-12-27,0.0006034755133606422,-0.0044154755133606425,-0.00017762022122372323
7,2022,2022-12-28,2022/12/25 0:00,2,0.0,-0.004267,2022-12-28,0.0016359583831237463,-0.0016359583831237463,-0.0018135786043474696
7,2022,2022-12-29,2022/12/25 0:00,3,-0.007653,-0.003762,2022-12-29,0.00160297901252094,-0.00925597901252094,-0.01106955761686841
7,2022,2022-12-30,2022/12/25 0:00,4,0.0,0.003872,2022-12-30,0.0011044354181014879,-0.0011044354181014879,-0.012173993034969898
7,2022,2023-01-03,2022/12/25 0:00,5,0.03856,0.004201,2023-01-03,0.0010829498479463923,0.037477050152053604,0.025303057117083708
1,2020,2020-08-24,2020/8/27 0:00,-3,0.000692,0.007842,2020-08-24,0.006565621564093103,-0.005873621564093103,-0.005873621564093103
1,2020,2020-08-25,2020/8/27 0:00,-2,0.009682,0.001283,2020-08-25,-0.00026927365148635076,0.009951273651486351,0.004077652087393248
1,2020,2020-08-26,2020/8/27 0:00,-1,-0.015753,-0.011722,2020-08-26,-0.013821310894756788,-0.001931689105243212,0.002145962982150036
1,2020,2020-08-27,2020/8/27 0:00,0,0.006263,0.005358,2020-08-27,0.003977135557766015,0.002285864442233985,0.004431827424384021
1,2020,2020-08-28,2020/8/27 0:00,1,0.046335,0.023866,2020-08-28,0.023263648844844,0.023071351155156,0.02750317857954002
1,2020,2020-08-31,2020/8/27 0:00,2,-0.003305,-0.00579,2020-08-31,-0.0076397895624169005,0.0043347895624169,0.03183796814195692
1,2020,2020-09-01,2020/8/27 0:00,3,0.003979,0.005379,2020-09-01,0.003999018893568299,-2.0018893568299334e-05,0.03181794924838862
1,2020,2020-09-02,2020/8/27 0:00,4,0.011889,0.000365,2020-09-02,-0.0012258880451289699,0.01311488804512897,0.04493283729351759
1,2020,2020-09-03,2020/8/27 0:00,5,-0.027415,-0.005531,2020-09-03,-0.007369895087522088,-0.02004510491247791,0.024887732381039678
8,2020,2020-12-23,2020/12/27 0:00,-3,0.003831,0.00853,2020-12-23,0.003269179042450066,0.0005618209575499341,0.0005618209575499341
8,2020,2020-12-24,2020/12/27 0:00,-2,-0.022901,-0.00142,2020-12-24,-0.002594652695877317,-0.020306347304122684,-0.01974452634657275
8,2020,2020-12-25,2020/12/27 0:00,-1,0.0,0.0084,2020-12-25,0.003192566165466894,-0.003192566165466894,-0.022937092512039646
8,2020,2020-12-28,2020/12/27 0:00,0,-0.019531,0.004443,2020-12-28,0.0008605880560637333,-0.020391588056063732,-0.04332868056810338
8,2020,2020-12-29,2020/12/27 0:00,1,0.0,-0.004241,2020-12-29,-0.004257152126412146,0.004257152126412146,-0.03907152844169123
8,2020,2020-12-30,2020/12/27 0:00,2,0.003984,0.014034,2020-12-30,0.006512850387952972,-0.0025288503879529727,-0.04160037882964421
8,2020,2020-12-31,2020/12/27 0:00,3,0.007937,0.019081,2020-12-31,0.009487198004368882,-0.0015501980043688829,-0.04315057683401309
8,2020,2021-01-04,2020/12/27 0:00,4,-0.007874,0.010828,2021-01-04,0.004623458975583366,-0.012497458975583367,-0.05564803580959646
8,2020,2021-01-05,2020/12/27 0:00,5,0.019841,0.019133,2021-01-05,0.009517843155162152,0.010323156844837849,-0.045324878964758605
8,2019,2019-12-12,2019/12/17 0:00,-3,-0.019231,-0.003004,2019-12-12,-0.0035706495743585732,-0.01566035042564143,-0.01566035042564143
8,2019,2019-12-13,2019/12/17 0:00,-2,0.011204,0.01984,2019-12-13,0.01790585091400187,-0.006701850914001871,-0.022362201339643298
8,2019,2019-12-16,2019/12/17 0:00,-1,0.00277,0.00487,2019-12-16,0.0038319929070523067,-0.0010619929070523068,-0.023424194246695604
8,2019,2019-12-17,2019/12/17 0:00,0,0.019337,0.013606,2019-12-17,0.012045033892270168,0.007291966107729832,-0.01613222813896577
8,2019,2019-12-18,2019/12/17 0:00,1,-0.00542,-0.002231,2019-12-18,-0.0028439233058634487,-0.0025760766941365517,-0.018708304833102322
8,2019,2019-12-19,2019/12/17 0:00,2,0.010899,-0.001397,2019-12-19,-0.0020598486513680623,0.012958848651368062,-0.00574945618173426
8,2019,2019-12-20,2019/12/17 0:00,3,-0.016173,-0.002457,2019-12-20,-0.0030563943753070424,-0.013116605624692957,-0.018866061806427217
8,2019,2019-12-23,2019/12/17 0:00,4,-0.005479,-0.012485,2019-12-23,-0.012484092978759962,0.007005092978759962,-0.011860968827667254
8,2019,2019-12-24,2019/12/17 0:00,5,-0.002755,0.006519,2019-12-24,0.00538227960401021,-0.00813727960401021,-0.019998248431677464
5,2019,2019-12-18,2019/12/22 0:00,-3,0.019293,-0.002231,2019-12-18,-0.002310718872064012,0.021603718872064012,0.021603718872064012
5,2019,2019-12-19,2019/12/22 0:00,-2,-0.006309,-0.001397,2019-12-19,-0.0013756628828857673,-0.004933337117114233,0.01667038175494978
5,2019,2019-12-20,2019/12/22 0:00,-1,-0.019048,-0.002457,2019-12-20,-0.0025641033487478052,-0.016483896651252192,0.00018648510369758883
5,2019,2019-12-23,2019/12/22 0:00,0,-0.032362,-0.012485,2019-12-23,-0.01380719862390301,-0.01855480137609699,-0.0183683162723994
5,2019,2019-12-24,2019/12/22 0:00,1,0.020067,0.006519,2019-12-24,0.007499520822551869,0.012567479177448132,-0.005800837094951269
5,2019,2019-12-25,2019/12/22 0:00,2,-0.006557,-0.000524,2019-12-25,-0.0003968812539258055,-0.006160118746074195,-0.011960955841025463
5,2019,2019-12-26,2019/12/22 0:00,3,0.023102,0.0088,2019-12-26,0.010056910164656877,0.013045089835343124,0.0010841339943176605
5,2019,2019-12-27,2019/12/22 0:00,4,-0.003226,-0.000984,2019-12-27,-0.0009126195692998976,-0.0023133804307001026,-0.0012292464363824421
5,2019,2019-12-30,2019/12/22 0:00,5,-0.003236,0.01482,2019-12-30,0.016806355074552602,-0.0200423550745526,-0.021271601510935045
1,2021,2021-07-19,2021/7/22 0:00,-3,-0.006092,0.003675,2021-07-19,0.004846207371196095,-0.010938207371196095,-0.010938207371196095
1,2021,2021-07-20,2021/7/22 0:00,-2,-0.02876,-0.00088,2021-07-20,0.0006346312910017765,-0.029394631291001776,-0.04033283866219787
1,2021,2021-07-21,2021/7/22 0:00,-1,-0.007282,0.00686,2021-07-21,0.007791074509597611,-0.015073074509597611,-0.05540591317179548
1,2021,2021-07-22,2021/7/22 0:00,0,-0.003423,0.001499,2021-07-22,0.0028342667453996433,-0.006257266745399643,-0.061663179917195124
1,2021,2021-07-23,2021/7/22 0:00,1,-0.013739,-0.012136,2021-07-23,-0.00977272334317325,-0.003966276656826749,-0.06562945657402187
1,2021,2021-07-26,2021/7/22 0:00,2,-0.064677,-0.032211,2021-07-26,-0.02833417006323932,-0.036342829936760676,-0.10197228651078255
1,2021,2021-07-27,2021/7/22 0:00,3,-0.055319,-0.035325,2021-07-27,-0.031213390241883698,-0.024105609758116302,-0.12607789626889884
1,2021,2021-07-28,2021/7/22 0:00,4,-0.000563,0.00193,2021-07-28,0.003232771529277525,-0.0037957715292775253,-0.12987366779817636
1,2021,2021-07-29,2021/7/22 0:00,5,0.011831,0.018862,2021-07-29,0.018888184523756162,-0.007057184523756163,-0.13693085232193253
5,2020,2020-08-24,2020/8/27 0:00,-3,-0.012987,0.007842,2020-08-24,0.004535066234298824,-0.017522066234298826,-0.017522066234298826
5,2020,2020-08-25,2020/8/27 0:00,-2,0.009868,0.001283,2020-08-25,0.00041752241778282454,0.009450477582217176,-0.00807158865208165
5,2020,2020-08-26,2020/8/27 0:00,-1,-0.016287,-0.011722,2020-08-26,-0.007746627198590185,-0.008540372801409814,-0.016611961453491465
5,2020,2020-08-27,2020/8/27 0:00,0,-0.003311,0.005358,2020-08-27,0.0029756854079189274,-0.006286685407918928,-0.022898646861410393
5,2020,2020-08-28,2020/8/27 0:00,1,-0.009967,0.023866,2020-08-28,0.014594453658578801,-0.0245614536585788,-0.047460100519989196
5,2020,2020-08-31,2020/8/27 0:00,2,-0.013423,-0.00579,2020-08-31,-0.004022695209022735,-0.009400304790977265,-0.056860405310966464
5,2020,2020-09-01,2020/8/27 0:00,3,-0.003401,0.005379,2020-09-01,0.0029888685791564385,-0.006389868579156438,-0.0632502738901229
5,2020,2020-09-02,2020/8/27 0:00,4,0.020478,0.000365,2020-09-02,-0.00015877049631409388,0.020636770496314093,-0.04261350339380881
5,2020,2020-09-03,2020/8/27 0:00,5,-0.016722,-0.005531,2020-09-03,-0.003860102763760097,-0.012861897236239903,-0.055475400630048716
8,2021,2021-10-27,2021/10/31 0:00,-3,-0.017699,-0.013083,2021-10-27,-0.0038490744924780415,-0.013849925507521958,-0.013849925507521958
8,2021,2021-10-28,2021/10/31 0:00,-2,-0.031532,-0.006947,2021-10-28,-0.0021915775548170748,-0.029340422445182923,-0.04319034795270488
8,2021,2021-10-29,2021/10/31 0:00,-1,0.013953,0.009176,2021-10-29,0.00216367393245603,0.01178932606754397,-0.031401021885160904
8,2021,2021-11-01,2021/10/31 0:00,0,-0.004587,-0.003684,2021-11-01,-0.0013101543951710946,-0.0032768456048289053,-0.03467786748998981
8,2021,2021-11-02,2021/10/31 0:00,1,-0.013825,-0.010395,2021-11-02,-0.003122974139082885,-0.010702025860917116,-0.04537989335090692
8,2021,2021-11-03,2021/10/31 0:00,2,-0.004673,-0.003871,2021-11-03,-0.0013606680730300583,-0.0033123319269699417,-0.04869222527787686
8,2021,2021-11-04,2021/10/31 0:00,3,-0.00939,0.009879,2021-11-04,0.002353572946011385,-0.011743572946011386,-0.06043579822388825
8,2021,2021-11-05,2021/10/31 0:00,4,0.0,-0.005422,2021-11-05,-0.001779634459977933,0.001779634459977933,-0.058656163763910314
8,2021,2021-11-08,2021/10/31 0:00,5,-0.004739,0.001205,2021-11-08,1.049464789025929e-05,-0.00474949464789026,-0.06340565841180057
8,2023,2023-12-13,2023/12/17 0:00,-3,-0.004016,-0.016691,2023-12-13,-0.008446828484590139,0.004430828484590139,0.004430828484590139
8,2023,2023-12-14,2023/12/17 0:00,-2,-0.008065,-0.005235,2023-12-14,-0.00207515655071444,-0.005989843449285559,-0.00155901496469542
8,2023,2023-12-15,2023/12/17 0:00,-1,0.0,-0.003106,2023-12-15,-0.0008910356056008434,0.0008910356056008434,-0.0006679793590945765
8,2023,2023-12-18,2023/12/17 0:00,0,-0.012195,-0.003647,2023-12-18,-0.0011919324732882347,-0.011003067526711765,-0.01167104688580634
8,2023,2023-12-19,2023/12/17 0:00,1,-0.00823,0.001404,2023-12-19,0.0016173652692053199,-0.00984736526920532,-0.02151841215501166
8,2023,2023-12-20,2023/12/17 0:00,2,-0.012448,-0.010959,2023-12-20,-0.005258767771865323,-0.007189232228134678,-0.02870764438314634
8,2023,2023-12-21,2023/12/17 0:00,3,-0.004202,0.010119,2023-12-21,0.006464530152561353,-0.010666530152561353,-0.03937417453570769
8,2023,2023-12-22,2023/12/17 0:00,4,-0.008439,0.001909,2023-12-22,0.0018982394248100011,-0.010337239424810001,-0.04971141396051769
8,2023,2023-12-25,2023/12/17 0:00,5,-0.008511,0.003063,2023-12-25,0.0025400785843502035,-0.011051078584350203,-0.06076249254486789
1,2022,2022-08-17,2022/8/21 0:00,-3,0.022259,0.009364,2022-08-17,0.007683251251028117,0.014575748748971884,0.014575748748971884
1,2022,2022-08-18,2022/8/21 0:00,-2,-0.012097,-0.008741,2022-08-18,-0.010526949873134083,-0.001570050126865917,0.013005698622105967
1,2022,2022-08-19,2022/8/21 0:00,-1,0.026122,-0.006944,2022-08-19,-0.008719508203975315,0.034841508203975316,0.04784720682608128
1,2022,2022-08-22,2022/8/21 0:00,0,-0.005569,0.007305,2022-08-22,0.005612287201613591,-0.011181287201613592,0.03666591962446769
1,2022,2022-08-23,2022/8/21 0:00,1,-0.0128,-0.004858,2022-08-23,-0.006621387268045886,-0.0061786127319541145,0.030487306892513576
1,2022,2022-08-24,2022/8/21 0:00,2,0.004862,-0.018904,2022-08-24,-0.020749003119467164,0.025611003119467166,0.05609831001198074
1,2022,2022-08-25,2022/8/21 0:00,3,0.017742,0.008284,2022-08-25,0.006596975790431862,0.011145024209568139,0.06724333422154888
1,2022,2022-08-26,2022/8/21 0:00,4,-0.000792,-0.002112,2022-08-26,-0.0038594313284187436,0.0030674313284187434,0.07031076554996762
1,2022,2022-08-29,2022/8/21 0:00,5,-0.015067,-0.004388,2022-08-29,-0.006148656280564183,-0.008918343719435819,0.061392421830531806
5,2021,2021-08-19,2021/8/24 0:00,-3,-0.014423,-0.006559,2021-08-19,0.00195599284502204,-0.01637899284502204,-0.01637899284502204
5,2021,2021-08-20,2021/8/24 0:00,-2,0.0,-0.019101,2021-08-20,0.003970446632418372,-0.003970446632418372,-0.02034943947744041
5,2021,2021-08-23,2021/8/24 0:00,-1,0.019512,0.013967,2021-08-23,-0.0013408241251658972,0.020852824125165897,0.0005033846477254869
5,2021,2021-08-24,2021/8/24 0:00,0,-0.014354,0.010859,2021-08-24,-0.0008416276356723718,-0.013512372364327629,-0.013008987716602142
5,2021,2021-08-25,2021/8/24 0:00,1,0.048544,0.001998,2021-08-25,0.0005815963326037325,0.047962403667396264,0.034953415950794126
5,2021,2021-08-26,2021/8/24 0:00,2,0.00463,-0.019711,2021-08-26,0.004068422777396188,0.0005615772226038119,0.03551499317339794
5,2021,2021-08-27,2021/8/24 0:00,3,0.0,0.005297,2021-08-27,5.1722066567972736e-05,-5.1722066567972736e-05,0.035463271106829966
5,2021,2021-08-30,2021/8/24 0:00,4,0.050691,-0.002853,2021-08-30,0.001360747610124033,0.04933025238987597,0.08479352349670594
5,2021,2021-08-31,2021/8/24 0:00,5,0.048246,-0.001591,2021-08-31,0.0011580494216617324,0.04708795057833826,0.1318814740750442
8,2022,2022-12-19,2022/12/22 0:00,-3,-0.028926,-0.015428,2022-12-19,-0.01127329477016351,-0.017652705229836488,-0.017652705229836488
8,2022,2022-12-20,2022/12/22 0:00,-2,0.004255,-0.016491,2022-12-20,-0.01207492254634651,0.01632992254634651,-0.001322782683489978
8,2022,2022-12-21,2022/12/22 0:00,-1,-0.012712,0.000397,2022-12-21,0.0006606276739531346,-0.013372627673953134,-0.014695410357443112
8,2022,2022-12-22,2022/12/22 0:00,0,-0.008584,0.001433,2022-12-22,0.001441894255444752,-0.010025894255444751,-0.024721304612887865
8,2022,2022-12-23,2022/12/22 0:00,1,-0.004329,-0.002036,2022-12-23,-0.0011741422032371211,-0.0031548577967628793,-0.027876162409650743
8,2022,2022-12-26,2022/12/22 0:00,2,0.008696,0.003989,2022-12-26,0.0033694206862290898,0.005326579313770911,-0.022549583095879833
8,2022,2022-12-27,2022/12/22 0:00,3,0.008621,0.011543,2022-12-27,0.009066030489885147,-0.0004450304898851471,-0.022994613585764982
8,2022,2022-12-28,2022/12/22 0:00,4,-0.012821,-0.004267,2022-12-28,-0.002856580179402949,-0.00996441982059705,-0.03295903340636203
8,2022,2022-12-29,2022/12/22 0:00,5,-0.008658,-0.003762,2022-12-29,-0.002475750426841881,-0.00618224957315812,-0.03914128297952015
1,2023,2023-05-15,2023/5/18 0:00,-3,0.01664,0.015523,2023-05-15,0.024433151516305717,-0.0077931515163057186,-0.0077931515163057186
1,2023,2023-05-16,2023/5/18 0:00,-2,-0.016368,-0.005172,2023-05-16,-0.007089692039511398,-0.009278307960488601,-0.01707145947679432
1,2023,2023-05-17,2023/5/18 0:00,-1,-0.010301,-0.004535,2023-05-17,-0.006119406881499535,-0.004181593118500465,-0.021253052595294784
1,2023,2023-05-18,2023/5/18 0:00,0,0.0,-0.001034,2023-05-18,-0.0007866465389570989,0.0007866465389570989,-0.020466406056337684
1,2023,2023-05-19,2023/5/18 0:00,1,-0.01201,-0.002915,2023-05-19,-0.003651805694718974,-0.008358194305281025,-0.02882460036161871
1,2023,2023-05-22,2023/5/18 0:00,2,0.003241,0.006284,2023-05-22,0.010360208698610894,-0.007119208698610894,-0.035943809060229606
1,2023,2023-05-23,2023/5/18 0:00,3,-0.013732,-0.014143,2023-05-23,-0.020754414413961038,0.0070224144139610385,-0.02892139464626857
1,2023,2023-05-24,2023/5/18 0:00,4,-0.01638,-0.013824,2023-05-24,-0.020268510229650545,0.0038885102296505464,-0.025032884416618023
1,2023,2023-05-25,2023/5/18 0:00,5,-0.006661,-0.002227,2023-05-25,-0.0026038367956417964,-0.004057163204358204,-0.029090047620976226
9,2020,2020-12-10,2020/12/15 0:00,-3,-0.001412,-0.00044,2020-12-10,-0.0022688419001495536,0.0008568419001495535,0.0008568419001495535
9,2020,2020-12-11,2020/12/15 0:00,-2,-0.028289,-0.010302,2020-12-11,-0.012751903287343958,-0.015537096712656044,-0.01468025481250649
9,2020,2020-12-14,2020/12/15 0:00,-1,0.004367,0.009245,2020-12-14,0.008026072877276708,-0.003659072877276708,-0.0183393276897832
9,2020,2020-12-15,2020/12/15 0:00,0,0.0,0.00208,2020-12-15,0.0004098555948544918,-0.0004098555948544918,-0.01874918328463769
9,2020,2020-12-16,2020/12/15 0:00,1,-0.011594,0.001773,2020-12-16,8.352220955042794e-05,-0.011677522209550428,-0.03042670549418812
9,2020,2020-12-17,2020/12/15 0:00,2,0.019062,0.012841,2020-12-17,0.011848531683639625,0.007213468316360374,-0.023213237177827743
9,2020,2020-12-18,2020/12/15 0:00,3,0.048921,-0.00349,2020-12-18,-0.0055109162492615925,0.054431916249261594,0.03121867907143385
9,2020,2020-12-21,2020/12/15 0:00,4,0.042524,0.009374,2020-12-21,0.008163196677616202,0.034360803322383796,0.06557948239381764
9,2020,2020-12-22,2020/12/15 0:00,5,-0.015789,-0.016261,2020-12-22,-0.01908617248287138,0.0032971724828713793,0.06887665487668902
